{
	"STATION_COUNT": 20,
	"STATION_PROBS": [[0.0, 0.0626793688462634, 0.0596239713287724, 0.0201970768168968, 0.0380216812477649, 0.0466950089208988, 0.0114246276759898, 0.027771656595754, 0.0477249915203945, 0.0301527573520507, 0.0211929940405624, 0.0571747664547131, 0.0993598837034088, 0.0319486433841509, 0.0911691512203076, 0.0573764366470501, 0.105315742105853, 0.0790975718394125, 0.0197920351539973, 0.0932816351457592], [0.0, 0.0, 0.0595878749066954, 0.0405803064829124, 0.0137087624492551, 0.0596360594016731, 0.105020012758063, 0.0378167732319893, 0.0706947517178262, 0.109677913665264, 0.0369533772267809, 0.101808695881104, 0.0722128180127064, 0.0152262862038549, 0.00178381598617729, 0.0912037177180831, 0.0213772614431191, 0.0385636289605605, 0.0584168722837696, 0.0657310716701658], [0.0, 0.0, 0.0, 0.0576065780919729, 0.083846299724793, 0.15594283960557, 0.0106901310881889, 0.0627979450204915, 0.099392597123599, 0.148818492471825, 0.00989125960447146, 0.109882424691686, 0.0170385548110132, 0.0241455255291322, 0.0213545265788272, 0.0377009587948832, 0.0308408065378776, 0.110201616615418, 0.011432497747239, 0.008416945963012], [0.0, 0.0, 0.0, 0.0, 0.0172179614882394, 0.0835830134184751, 0.0590936807111025, 0.0541008839242079, 0.0234725439561441, 0.0424231077892609, 0.0895573483557726, 0.105905990817484, 0.0367294576894774, 0.0623175584002899, 0.0696142785517716, 0.0179445332935096, 0.0977554318817568, 0.0611972621448019, 0.132921447071566, 0.0461655005061396], [0.0, 0.0, 0.0, 0.0, 0.0, 0.0796699243924698, 0.0958027958619484, 0.0729016086057787, 0.0609842358159905, 0.051848402108381, 0.0432194708701942, 0.0259005970339993, 0.022527445332358, 0.0464551384498321, 0.121421780381553, 0.123935193757743, 0.0914960601051489, 0.0365586397227042, 0.0176851723047006, 0.109593535257198], [0.0, 0.0, 0.0, 0.0, 0.0, 0.0, 0.0450961591416769, 0.0560546687191212, 0.119979823896999, 0.0467282219154162, 0.043632956865742, 0.00500798123070942, 0.0994999641730199, 0.131291532427196, 0.032618020652165, 0.0929230497996271, 0.0871904904680884, 0.0830386854079455, 0.0527947107323128, 0.104143734569981], [0.0, 0.0, 0.0, 0.0, 0.0, 0.0, 0.0, 0.0849963985110767, 0.0268740174217257, 0.0604388602244869, 0.0142780815728903, 0.0705763010116955, 0.191434436014232, 0.0496215865400966, 0.150958676397257, 0.184625055479295, 0.00427710802181926, 0.0516085992475615, 0.0890542246959856, 0.021256654861878], [0.0, 0.0, 0.0, 0.0, 0.0, 0.0, 0.0, 0.0, 0.0591445620183137, 0.115580368633557, 0.161849717098379, 0.0525921211319711, 0.0870364755807857, 0.0233097403722285, 0.0739457025631099, 0.0787739650209649, 0.0261218219541281, 0.146853796801394, 0.00487919557159389, 0.169912533253575], [0.0, 0.0, 0.0, 0.0, 0.0, 0.0, 0.0, 0.0, 0.0, 0.0667023880119655, 0.0453511164757404, 0.080624475143699, 0.139014121251544, 0.11168760936651, 0.00795269676555217, 0.118097936320058, 0.0923137935534475, 0.0873303292196633, 0.0603261755961515, 0.190599358295669], [0.0, 0.0, 0.0, 0.0, 0.0, 0.0, 0.0, 0.0, 0.0, 0.0, 0.034736966228873, 0.0728653573603913, 0.0312467624464149, 0.104972678270128, 0.200202934269607, 0.122322678975246, 0.000943716006227686, 0.100742741823747, 0.14869474348975, 0.183271421129616], [0.0, 0.0, 0.0, 0.0, 0.0, 0.0, 0.0, 0.0, 0.0, 0.0, 0.0, 0.0166053316455378, 0.0987015948535985, 0.0901334926147745, 0.244565536482241, 0.0709273181978673, 0.127174593533391, 0.249809677603683, 0.0767561558599281, 0.0253262992089794], [0.0, 0.0, 0.0, 0.0, 0.0, 0.0, 0.0, 0.0, 0.0, 0.0, 0.0, 0.0, 0.168360364640302, 0.185098959755176, 0.138357100716275, 0.0643068849472913, 0.135999502269313, 0.150322196831594, 0.116214025059879, 0.0413409657801685], [0.0, 0.0, 0.0, 0.0, 0.0, 0.0, 0.0, 0.0, 0.0, 0.0, 0.0, 0.0, 0.0, 0.228117121681236, 0.0504282717020015, 0.137286075675186, 0.161226461782514, 0.248477481612563, 0.146871670245529, 0.0275929173009704], [0.0, 0.0, 0.0, 0.0, 0.0, 0.0, 0.0, 0.0, 0.0, 0.0, 0.0, 0.0, 0.0, 0.0, 0.294368519067787, 0.158814212425268, 0.029019842691575, 0.294180822772815, 0.201321796386807, 0.0222948066557477], [0.0, 0.0, 0.0, 0.0, 0.0, 0.0, 0.0, 0.0, 0.0, 0.0, 0.0, 0.0, 0.0, 0.0, 0.0, 0.0365717116163738, 0.0920944868519629, 0.252150382982284, 0.317582670405788, 0.301600748143591], [0.0, 0.0, 0.0, 0.0, 0.0, 0.0, 0.0, 0.0, 0.0, 0.0, 0.0, 0.0, 0.0, 0.0, 
0.0, 0.0, 0.212309224788888, 0.255942068641178, 0.47347326629104, 0.0582754402788936], [0.0, 0.0, 0.0, 0.0, 0.0, 0.0, 0.0, 0.0, 0.0, 0.0, 0.0, 0.0, 0.0, 0.0, 0.0, 0.0, 0.0, 0.642643999490026, 0.038012936603173, 0.319343063906801], [0.0, 0.0, 0.0, 0.0, 0.0, 0.0, 0.0, 0.0, 0.0, 0.0, 0.0, 0.0, 0.0, 0.0, 0.0, 0.0, 0.0, 0.0, 0.380583890870522, 0.619416109129478], [0.0, 0.0, 0.0, 0.0, 0.0, 0.0, 0.0, 0.0, 0.0, 0.0, 0.0, 0.0, 0.0, 0.0, 0.0, 0.0, 0.0, 0.0, 0.0, 1.0], [0.0, 0.0, 0.0, 0.0, 0.0, 0.0, 0.0, 0.0, 0.0, 0.0, 0.0, 0.0, 0.0, 0.0, 0.0, 0.0, 0.0, 0.0, 0.0, 1.0]],
	"STATION_DURATIONS": [100, 200, 20, 60, 300, 100, 200, 20, 60, 300, 100, 200, 20, 60, 300, 100, 200, 20, 60, 300],
	"SHUFFLE_STATIONS": "False",
	"MAINTENANCE_INTERVAL": 3600,
	"RESOURCE_COUNT": 4,
	"RESOURCE_PRODUCTIVITIES": [0.75, 0.8, 0.8, 0.9, 1, 1, 1.2, 1.2, 1.5, 1.5],
	"SIM_DURATION": 8640000,
	"ORDER_FREQUENCY": 0.00166667,
	"ORDER_PRIORITIES": 5
}